beneficiary_account,Top 0.1%,Next 0.9%,Next 9%,Next 40%,Bottom 50%,Public / sovereign,Nonprofits,source,confidence
Founder stakes,100,0,0,0,0,0,0,,
Employee holdings,45,40,13,2,0,0,0,,
US taxable accounts,24.2,26,37.2,11.6,1,0,0,,
US 401(k)s & IRAs,5,12,45,33,5,0,0,,
US DB pensions & insurance,2,5,28,47,18,0,0,,
Endowments & foundations,0,0,0,0,0,0,100,,
Foreign sovereign & official,0,0,0,0,0,100,0,,
Foreign pensions & insurers,2,5,25,45,23,0,0,,
Foreign funds & retail,12,18,40,25,5,0,0,,
Offshore vehicles,30,25,15,5,0,0,25,,
Foreign family offices & HNW,55,35,10,0,0,0,0,,
